pilot,avg_speed,best_lap,grid,points,result,time,
lec,206.018,94.57,1,26,1,5853.584,
sai,203.501,95.74000000000001,3,18,2,5859.182,
ham,202.469,96.22800000000001,5,15,3,5863.259,
rus,202.313,96.30199999999999,9,12,4,5864.795,
mag,201.641,96.62299999999999,7,10,5,5868.338,
bot,201.691,96.59899999999999,6,8,6,5869.703,
oco,200.630,97.11,11,6,7,5873.007,
tsu,200.642,97.104,16,4,8,5873.97,
alo,201.412,96.733,8,2,9,5875.974,
zho,201.512,96.685,15,1,10,5876.648,
msc,200.948,96.956,12,0,11,5886.158,
str,200.555,97.146,19,0,12,5899.457,
alb,200.125,97.35499999999999,14,0,13,5907.516,
ric,200.318,97.261,18,0,14,5908.559,
nor,200.882,96.988,13,0,15,5909.919,
lat,198.300,98.251,20,0,16,5915.379,
hul,198.401,98.201,17,0,17,5917.413,
per,202.762,96.089,4,0,18,nan,
ver,204.140,95.44,2,0,19,nan,
gas,200.189,97.324,10,0,20,nan,
ver,242.191,91.77199999999999,4,25,1,5059.293,
lec,242.556,91.634,2,19,2,5059.842,
sai,241.841,91.905,3,15,3,5067.39,
per,241.481,92.042,1,12,4,5070.093,
rus,239.454,92.821,6,10,5,5092.025,
oco,238.729,93.10300000000001,5,8,6,5115.31,
nor,239.629,92.753,11,6,7,5115.417,
gas,237.796,93.468,9,4,8,5122.239,
mag,239.562,92.779,10,2,9,5123.601,
ham,239.001,92.997,15,1,10,5133.241,
zho,236.642,93.924,12,0,11,5141.508,
hul,237.332,93.65100000000001,17,0,12,5151.035,
str,235.334,94.446,13,0,13,nan,
alb,235.528,94.368,16,0,14,nan,
bot,236.503,93.979,8,0,15,nan,
alo,236.876,93.831,7,0,16,nan,
ric,235.232,94.487,14,0,17,nan,
lat,227.892,97.53,18,0,18,nan,
tsu,nan,nan,19,0,19,nan,
msc,nan,nan,0,0,20,nan,
lec,236.740,80.26,1,26,1,5266.548,
per,234.305,81.094,3,18,2,5287.072,
rus,233.152,81.495,6,15,3,5292.141,
ham,232.039,81.886,5,12,4,5295.091,
nor,231.018,82.248,4,10,5,5319.851,
ric,230.449,82.451,7,8,6,5320.285,
oco,230.399,82.469,8,6,7,5328.231,
bot,232.707,81.651,12,4,8,5334.987,
gas,229.669,82.731,11,2,9,5342.769,
alb,230.064,82.589,20,1,10,5345.93,
zho,230.198,82.541,14,0,11,5348.243,
str,227.304,83.592,19,0,12,5355.146,
msc,228.908,83.006,15,0,13,nan,
mag,228.729,83.071,16,0,14,nan,
tsu,227.985,83.342,13,0,15,nan,
lat,226.518,83.882,18,0,16,nan,
alo,235.024,80.846,10,0,17,nan,
ver,232.633,81.67699999999999,2,0,18,nan,
vet,223.042,85.189,17,0,19,nan,
sai,nan,nan,9,0,20,nan,
ver,225.281,78.446,1,34,1,5527.986,
per,223.845,78.949,3,24,2,5544.513,
nor,218.439,80.90299999999999,5,19,3,5562.82,
rus,218.280,80.962,11,12,4,5570.492,
bot,218.831,80.758,7,12,5,5571.167,
lec,224.914,78.574,2,15,6,5584.058,
tsu,219.412,80.544,12,6,7,5589.096,
vet,217.610,81.211,13,4,8,5598.878,
mag,217.538,81.238,8,3,9,5603.246,
str,216.176,81.75,15,1,10,nan,
alb,216.157,81.757,18,0,11,nan,
gas,216.274,81.713,17,0,12,nan,
ham,217.054,81.419,14,0,13,nan,
oco,215.814,81.887,16,0,14,nan,
zho,217.410,81.286,0,0,15,nan,
lat,217.271,81.338,19,0,16,nan,
msc,223.704,78.999,10,0,17,nan,
ric,216.634,81.577,6,3,18,nan,
alo,177.282,99.685,9,0,19,nan,
sai,nan,nan,4,5,20,nan,
ver,213.255,91.361,3,26,1,5664.258,
lec,212.959,91.488,1,18,2,5668.044,
sai,212.258,91.78999999999999,2,15,3,5672.487,
per,212.191,91.819,4,12,4,5674.896,
rus,211.325,92.195,12,10,5,5682.84,
ham,209.629,92.941,6,8,6,5685.626,
bot,209.083,93.184,5,6,7,5689.331,
oco,209.130,93.163,20,4,8,5692.644,
alb,208.494,93.447,18,2,9,5696.623,
str,208.796,93.312,0,1,10,5701.284,
alo,208.753,93.331,11,0,11,5701.386,
tsu,209.417,93.035,9,0,12,5704.404,
ric,208.901,93.265,14,0,13,5705.16,
lat,206.896,94.169,19,0,14,5714.194,
msc,210.565,92.52799999999999,15,0,15,5737.563,
mag,208.351,93.511,16,0,16,nan,
vet,208.423,93.479,0,0,17,nan,
gas,206.199,94.487,7,0,18,nan,
nor,208.575,93.411,8,0,19,nan,
zho,203.520,95.731,17,0,20,nan,
ver,196.943,85.456,2,25,1,5840.475,
per,200.099,84.108,5,19,2,5853.547,
rus,198.851,84.636,4,15,3,5873.402,
sai,195.731,85.985,3,12,4,5885.683,
ham,199.755,84.253,6,10,5,5895.009,
bot,194.802,86.395,7,8,6,5900.451,
oco,195.845,85.935,12,6,7,5915.872,
nor,196.568,85.619,11,4,8,5923.71,
alo,194.344,86.599,20,2,9,nan,
tsu,193.831,86.828,13,1,10,nan,
vet,192.059,87.629,16,0,11,nan,
ric,192.816,87.285,9,0,12,nan,
gas,193.477,86.987,14,0,13,nan,
msc,192.459,87.447,10,0,14,nan,
str,193.724,86.876,17,0,15,nan,
lat,192.902,87.246,19,0,16,nan,
mag,192.261,87.537,8,0,17,nan,
alb,190.641,88.281,18,0,18,nan,
zho,190.352,88.41499999999999,15,0,19,nan,
lec,193.381,87.03,1,0,20,nan,
per,158.010,76.02799999999999,3,25,1,6990.265,
sai,157.197,76.42099999999999,2,18,2,6991.419,
ver,157.960,76.05199999999999,4,15,3,6991.756,
lec,157.552,76.249,1,12,4,6993.187,
rus,156.360,76.83,6,10,5,7002.233,
nor,160.834,74.693,5,9,6,7002.496,
alo,158.314,75.882,7,6,7,7036.623,
ham,155.605,77.203,8,4,8,7040.653,
bot,154.809,77.6,12,2,9,7042.79,
vet,154.893,77.55799999999999,9,1,10,7043.801,
gas,155.321,77.344,17,0,11,7044.554,
oco,154.867,77.571,10,0,12,7045.909,
ric,154.945,77.532,14,0,13,7047.9,
str,154.665,77.672,18,0,14,7051.067,
lat,152.880,78.57900000000001,19,0,15,nan,
zho,153.621,78.2,20,0,16,nan,
tsu,159.465,75.334,11,0,17,nan,
alb,153.969,78.023,16,0,18,nan,
msc,141.701,84.77799999999999,15,0,19,nan,
mag,128.135,93.75399999999999,13,0,20,nan,
ver,203.779,106.05,3,25,1,5645.941,
per,203.787,106.04599999999999,2,19,2,5666.764,
rus,201.636,107.17699999999999,5,15,3,5691.936,
ham,201.887,107.044,7,12,4,5717.62,
gas,199.143,108.519,6,10,5,5723.24,
vet,199.719,108.206,9,8,6,5730.04,
alo,200.120,107.989,10,6,7,5734.537,
ric,199.589,108.27600000000001,12,4,8,5738.148,
nor,200.105,107.997,11,2,9,5738.497,
oco,199.551,108.297,13,1,10,5754.125,
bot,199.768,108.179,15,0,11,nan,
alb,200.163,107.96600000000001,17,0,12,nan,
tsu,200.987,107.523,8,0,13,nan,
msc,199.343,108.41,20,0,14,nan,
lat,197.209,109.583,18,0,15,nan,
str,200.029,108.038,19,0,16,nan,
mag,198.648,108.789,16,0,17,nan,
zho,198.769,108.723,14,0,18,nan,
lec,200.972,107.531,1,0,19,nan,
sai,198.304,108.97800000000001,4,0,20,nan,
ver,207.012,75.839,1,25,1,5781.757,
sai,207.258,75.749,3,19,2,5782.75,
ham,206.120,76.167,4,15,3,5788.763,
rus,205.443,76.418,8,12,4,5794.07,
lec,206.843,75.901,19,10,5,5796.925,
oco,203.600,77.11,7,8,6,5805.647,
bot,203.864,77.01,11,6,7,5807.004,
zho,204.084,76.92699999999999,10,4,8,5808.709,
alo,205.014,76.578,2,2,9,5811.702,
str,202.782,77.42099999999999,17,1,10,5819.979,
ric,201.452,77.932,9,0,11,5824.804,
vet,201.390,77.956,16,0,12,5826.002,
alb,201.403,77.951,12,0,13,5826.65,
gas,201.768,77.81,15,0,14,5826.94,
nor,202.588,77.495,14,0,15,5833.902,
lat,199.893,78.53999999999999,18,0,16,5841.735,
mag,201.158,78.04599999999999,5,0,17,5849.937,
tsu,200.482,78.309,20,0,18,nan,
msc,198.812,78.967,6,0,19,nan,
per,199.122,78.844,13,0,20,nan,
sai,233.530,90.813,1,25,1,8270.311,
per,233.212,90.937,4,18,2,8274.09,
ham,234.312,90.51,5,16,3,8276.536,
lec,232.330,91.282,3,12,4,8278.857,
alo,231.501,91.60900000000001,7,10,5,8279.882,
nor,231.410,91.645,6,8,6,8282.254,
ver,229.633,92.354,2,6,7,8289.088,
msc,230.244,92.10900000000001,19,4,8,8289.306,
vet,229.343,92.471,18,2,9,8292.667,
mag,228.872,92.661,17,1,10,8294.901,
str,229.571,92.37899999999999,20,0,11,8296.458,
lat,227.339,93.286,10,0,12,8302.822,
ric,228.914,92.644,14,0,13,8303.128,
tsu,226.016,93.832,13,0,14,8311.221,
oco,226.729,93.537,15,0,15,nan,
gas,224.148,94.614,11,0,16,nan,
bot,222.996,95.10300000000001,12,0,17,nan,
rus,nan,nan,8,0,18,nan,
zho,nan,nan,9,0,19,nan,
alb,nan,nan,16,0,20,nan,
lec,230.010,67.583,2,32,1,5064.312,
ver,231.063,67.275,1,27,2,5065.844,
ham,225.286,69.0,8,16,3,5105.529,
rus,225.042,69.075,4,17,4,5123.284,
oco,223.476,69.559,6,13,5,5132.748,
msc,223.264,69.625,9,8,6,nan,
nor,224.298,69.304,10,6,7,nan,
mag,222.265,69.938,7,6,8,nan,
ric,222.309,69.924,11,2,9,nan,
alo,226.739,68.55799999999999,19,1,10,nan,
bot,224.421,69.266,0,0,11,nan,
alb,223.123,69.669,15,0,12,nan,
str,221.916,70.048,12,0,13,nan,
zho,224.053,69.38,13,0,14,nan,
gas,221.739,70.104,14,0,15,nan,
tsu,221.995,70.023,16,0,16,nan,
vet,222.065,70.001,18,0,17,nan,
sai,226.438,68.649,3,6,18,nan,
lat,219.280,70.89,17,0,19,nan,
per,216.371,71.843,5,4,20,nan,
ver,215.724,97.491,2,25,1,5402.112,
ham,215.333,97.668,4,18,2,5412.699,
rus,215.598,97.548,6,15,3,5418.607,
per,215.086,97.78,3,12,4,5419.422,
sai,219.575,95.781,19,11,5,5430.984,
alo,214.254,98.16,7,8,6,5444.991,
nor,212.356,99.037,5,6,7,5454.138,
oco,213.116,98.684,10,4,8,5459.071,
ric,212.151,99.13300000000001,9,2,9,5462.484,
str,212.040,99.185,15,1,10,5464.661,
vet,212.341,99.044,12,0,11,5466.606,
gas,212.896,98.786,14,0,12,5467.56,
alb,212.010,99.199,13,0,13,5470.677,
bot,214.685,97.963,11,0,14,5478.778,
msc,212.290,99.068,17,0,15,5482.506,
zho,211.649,99.368,16,0,16,nan,
lat,211.050,99.65,18,0,17,nan,
mag,211.869,99.265,20,0,18,nan,
lec,214.411,98.088,1,0,19,nan,
tsu,209.858,100.21600000000001,8,0,20,nan,
ver,192.041,82.126,10,25,1,5975.912,
ham,193.787,81.386,7,19,2,5983.746,
rus,190.556,82.76599999999999,1,15,3,5988.249,
sai,192.336,82.0,2,12,4,5990.491,
per,192.477,81.94,11,10,5,5991.6,
lec,193.227,81.622,3,8,6,5991.959,
nor,189.920,83.043,4,6,7,6054.212,
alo,187.804,83.979,6,4,8,nan,
oco,187.424,84.149,5,2,9,nan,
vet,190.423,82.824,18,1,10,nan,
str,191.317,82.437,14,0,11,nan,
gas,189.564,83.199,0,0,12,nan,
zho,192.268,82.029,12,0,13,nan,
msc,189.674,83.151,15,0,14,nan,
ric,188.533,83.654,9,0,15,nan,
mag,188.856,83.511,13,0,16,nan,
alb,189.911,83.047,17,0,17,nan,
lat,191.221,82.47800000000001,19,0,18,nan,
tsu,188.795,83.538,16,0,19,nan,
bot,187.752,84.002,8,0,20,nan,
ver,230.575,109.354,14,26,1,5152.894,
per,227.640,110.76400000000001,2,18,2,5170.735,
sai,225.174,111.977,1,15,3,5179.78,
rus,227.581,110.793,5,12,4,5182.034,
alo,223.397,112.868,3,10,5,5226.15,
lec,229.255,109.98400000000001,15,8,6,5227.83,
oco,225.698,111.717,16,6,7,5228.534,
vet,224.098,112.515,10,4,8,5231.001,
gas,223.132,113.00200000000001,0,2,9,5245.075,
alb,223.027,113.055,6,1,10,5254.794,
str,223.373,112.88,9,0,11,5255.972,
nor,225.777,111.678,17,0,12,5257.633,
tsu,224.255,112.436,0,0,13,5258.111,
zho,224.493,112.31700000000001,18,0,14,5259.146,
ric,222.978,113.08,7,0,15,5260.057,
mag,222.482,113.332,12,0,16,nan,
msc,223.837,112.646,19,0,17,nan,
lat,224.615,112.256,11,0,18,nan,
bot,nan,nan,13,0,19,nan,
ham,nan,nan,4,0,20,nan,
ver,208.173,73.652,1,26,1,5802.773,
rus,208.119,73.67099999999999,6,18,2,5806.844,
lec,206.044,74.413,2,15,3,5813.702,
ham,207.604,73.854,4,12,4,5815.789,
per,206.069,74.404,5,10,5,5820.941,
alo,206.792,74.144,13,8,6,5821.527,
nor,205.236,74.706,7,6,7,5822.079,
sai,205.409,74.643,3,4,8,5823.689,
oco,204.203,75.084,12,2,9,5823.89,
str,204.314,75.043,10,1,10,5825.232,
gas,203.983,75.16499999999999,11,0,11,5829.782,
alb,202.986,75.534,15,0,12,5833.163,
msc,203.798,75.233,8,0,13,5835.768,
vet,204.808,74.862,19,0,14,5838.78,
mag,203.431,75.369,18,0,15,5839.642,
zho,201.901,75.94,14,0,16,5840.093,
ric,202.871,75.577,17,0,17,5840.537,
lat,201.567,76.066,20,0,18,nan,
bot,199.526,76.844,16,0,19,nan,
tsu,198.765,77.138,9,0,20,nan,
ver,246.088,84.745,7,25,1,4827.511,
lec,247.282,84.336,1,18,2,4829.957,
rus,244.522,85.288,2,15,3,4830.916,
sai,246.960,84.446,18,12,4,4832.572,
ham,246.995,84.434,19,10,5,4832.891,
per,248.182,84.03,13,9,6,4833.602,
nor,246.167,84.718,3,6,7,4833.718,
gas,240.489,86.718,5,4,8,4833.907,
dev,240.750,86.624,8,2,9,4834.633,
zho,241.484,86.361,9,1,10,4835.421,
oco,240.837,86.593,14,0,11,4835.834,
msc,244.493,85.298,17,0,12,4836.06,
bot,243.329,85.706,15,0,13,nan,
tsu,240.105,86.857,20,0,14,nan,
lat,240.268,86.798,10,0,15,nan,
mag,240.268,86.798,16,0,16,nan,
ric,240.809,86.60300000000001,4,0,17,nan,
str,238.430,87.467,12,0,18,nan,
alo,239.152,87.203,6,0,19,nan,
vet,238.337,87.501,11,0,20,nan,
per,168.509,108.16499999999999,2,25,1,7340.238,
lec,167.598,108.753,1,18,2,7342.833,
sai,168.122,108.414,4,15,3,7350.543,
nor,166.893,109.212,6,12,4,7361.371,
ric,164.196,111.006,16,10,5,7393.52,
str,165.272,110.283,11,8,6,7396.568,
ver,167.000,109.142,8,6,7,7399.063,
vet,164.696,110.669,13,4,8,7400.27,
ham,164.766,110.622,3,2,9,7401.753,
gas,164.845,110.569,7,1,10,7409.814,
bot,162.937,111.864,15,0,11,7429.082,
mag,162.641,112.06700000000001,9,0,12,7432.848,
msc,165.262,110.28999999999999,12,0,13,nan,
rus,171.211,106.458,0,0,14,nan,
tsu,153.532,118.71600000000001,10,0,15,nan,
oco,150.504,121.105,17,0,16,nan,
alb,149.251,122.121,18,0,17,nan,
alo,151.306,120.463,5,0,18,nan,
lat,145.135,125.585,19,0,19,nan,
zho,145.168,125.556,14,0,20,nan,
ver,199.266,104.911,1,25,1,10904.004,
per,196.995,106.12,4,18,2,10931.07,
lec,200.070,104.489,2,15,3,10935.767,
oco,196.184,106.559,5,12,4,10943.689,
ham,198.097,105.53,6,10,5,10944.33,
vet,195.441,106.964,9,8,6,10950.362,
alo,200.218,104.412,7,6,7,10950.373,
rus,195.368,107.00399999999999,8,4,8,10951.665,
lat,192.904,108.37100000000001,20,2,9,10974.147,
nor,193.253,108.175,10,1,10,10974.786,
ric,193.848,107.843,11,0,11,10976.881,
str,198.709,105.205,19,0,12,10977.908,
tsu,197.418,105.893,13,0,13,10979.603,
mag,193.437,108.072,18,0,14,10990.02,
bot,193.889,107.82,12,0,15,10990.5,
zho,200.220,104.411,14,0,16,10991.047,
msc,198.366,105.387,15,0,17,10996.527,
gas,196.210,106.545,17,0,18,11012.095,
sai,nan,nan,3,0,19,nan,
alb,nan,nan,16,0,20,nan,
ver,199.383,99.541,2,25,1,6131.687,
ham,198.805,99.83,3,18,2,6136.71,
lec,199.003,99.731,12,15,3,6139.188,
per,199.339,99.563,9,12,4,6139.98,
rus,200.902,98.788,4,11,5,6176.502,
nor,195.878,101.322,6,8,6,6185.472,
alo,195.461,101.538,14,6,7,6186.765,
vet,193.540,102.54599999999999,10,4,8,6197.041,
mag,194.184,102.206,13,2,9,6197.521,
tsu,196.031,101.243,19,1,10,6202.606,
oco,193.827,102.394,0,0,11,6204.562,
zho,193.682,102.471,18,0,12,6207.851,
alb,195.200,101.674,8,0,13,6211.744,
gas,193.967,102.32,11,0,14,6213.45,
msc,194.951,101.804,16,0,15,6216.177,
ric,193.778,102.42,15,0,16,6222.174,
lat,191.784,103.485,17,0,17,6235.275,
str,192.537,103.08,5,0,18,nan,
bot,191.958,103.39099999999999,7,0,19,nan,
sai,nan,nan,1,0,20,nan,
ver,188.850,82.04599999999999,1,25,1,5916.729,
ham,188.813,82.062,3,18,2,5931.915,
per,189.476,81.775,4,15,3,5934.826,
rus,193.310,80.15299999999999,2,13,4,5966.16,
sai,188.498,82.199,5,10,5,5974.852,
lec,187.576,82.60300000000001,7,8,6,5985.503,
ric,188.905,82.02199999999999,11,6,7,nan,
oco,186.054,83.279,10,4,8,nan,
nor,185.779,83.402,8,2,9,nan,
bot,185.866,83.363,6,1,10,nan,
gas,188.319,82.277,14,0,11,nan,
alb,186.873,82.914,17,0,12,nan,
zho,188.358,82.26,12,0,13,nan,
vet,186.486,83.086,16,0,14,nan,
str,187.895,82.463,20,0,15,nan,
msc,185.248,83.64099999999999,15,0,16,nan,
mag,186.007,83.3,19,0,17,nan,
lat,185.098,83.709,18,0,18,nan,
alo,186.981,82.866,9,0,19,nan,
tsu,185.777,83.40299999999999,13,0,20,nan,
rus,210.237,73.785,1,34,1,5914.044,
ham,209.791,73.94200000000001,2,24,2,5915.573,
sai,209.760,73.953,7,22,3,5918.095,
lec,208.912,74.253,5,15,4,5922.485,
alo,209.163,74.164,17,10,5,5923.605,
ver,209.076,74.195,3,13,6,5924.1,
per,208.828,74.283,4,10,7,5928.124,
oco,206.575,75.093,16,4,8,5932.734,
bot,205.432,75.511,14,2,9,5936.596,
str,207.299,74.831,15,1,10,5937.596,
vet,205.328,75.549,9,0,11,5940.227,
zho,204.643,75.80199999999999,13,0,12,5943.369,
msc,206.142,75.251,12,0,13,5943.943,
gas,205.934,75.327,10,0,14,5945.911,
alb,205.155,75.613,19,0,15,5950.06,
lat,205.934,75.327,18,0,16,5951.082,
tsu,205.440,75.508,0,0,17,nan,
nor,204.500,75.855,6,2,18,nan,
mag,nan,nan,8,1,19,nan,
ric,nan,nan,11,0,20,nan,
ver,212.676,89.392,1,25,1,5265.914,
lec,211.901,89.719,3,18,2,5274.685,
per,213.680,88.97200000000001,2,15,3,5276.007,
sai,213.904,88.879,4,12,4,5290.806,
rus,214.007,88.836,6,10,5,5301.802,
nor,215.085,88.39099999999999,7,9,6,5322.148,
oco,212.817,89.333,8,6,7,5323.154,
str,212.135,89.62,14,4,8,5342.845,
ric,209.413,90.785,13,2,9,5349.182,
vet,210.510,90.312,9,1,10,5349.812,
tsu,212.446,89.489,11,0,11,5355.285,
zho,212.183,89.6,15,0,12,nan,
alb,211.383,89.939,19,0,13,nan,
gas,208.732,91.081,17,0,14,nan,
bot,210.417,90.352,18,0,15,nan,
msc,211.632,89.833,12,0,16,nan,
mag,208.556,91.158,16,0,17,nan,
ham,211.738,89.788,5,0,18,nan,
lat,210.517,90.309,20,0,19,nan,
alo,209.889,90.57900000000001,10,0,20,nan,
